{"frames":{"ratplayer0.png":{"frame":{"x":0,"y":0,"w":192,"h":128},"rotated":false,"trimmed":false,"spriteSourceSize":{"x":0,"y":0,"w":192,"h":128},"sourceSize":{"w":192,"h":128}},"ratplayer1.png":{"frame":{"x":192,"y":0,"w":192,"h":128},"rotated":false,"trimmed":false,"spriteSourceSize":{"x":0,"y":0,"w":192,"h":128},"sourceSize":{"w":192,"h":128}},"ratplayer2.png":{"frame":{"x":0,"y":128,"w":192,"h":128},"rotated":false,"trimmed":false,"spriteSourceSize":{"x":0,"y":0,"w":192,"h":128},"sourceSize":{"w":192,"h":128}},"ratplayer3.png":{"frame":{"x":192,"y":128,"w":192,"h":128},"rotated":false,"trimmed":false,"spriteSourceSize":{"x":0,"y":0,"w":192,"h":128},"sourceSize":{"w":192,"h":128}},"ratplayer4.png":{"frame":{"x":0,"y":256,"w":192,"h":128},"rotated":false,"trimmed":false,"spriteSourceSize":{"x":0,"y":0,"w":192,"h":128},"sourceSize":{"w":192,"h":128}},"ratplayer5.png":{"frame":{"x":192,"y":256,"w":192,"h":128},"rotated":false,"trimmed":false,"spriteSourceSize":{"x":0,"y":0,"w":192,"h":128},"sourceSize":{"w":192,"h":128}},"ratplayer6.png":{"frame":{"x":0,"y":384,"w":192,"h":128},"rotated":false,"trimmed":false,"spriteSourceSize":{"x":0,"y":0,"w":192,"h":128},"sourceSize":{"w":192,"h":128}},"ratplayer7.png":{"frame":{"x":192,"y":384,"w":192,"h":128},"rotated":false,"trimmed":false,"spriteSourceSize":{"x":0,"y":0,"w":192,"h":128},"sourceSize":{"w":192,"h":128}},"ratplayer8.png":{"frame":{"x":0,"y":512,"w":192,"h":128},"rotated":false,"trimmed":false,"spriteSourceSize":{"x":0,"y":0,"w":192,"h":128},"sourceSize":{"w":192,"h":128}}},"meta":{"app":"https://github.com/piskelapp/piskel/","version":"1.0","image":"ratplayer.png","format":"RGBA8888","size":{"w":384,"h":640}}}